{
    "center_x": 8.728845596313477,
    "center_y": 25.618770599365234,
    "center_z": 4.682269096374512,
    "size_x": 19.121000289916992,
    "size_y": 16.562999725341797,
    "size_z": 18.64900016784668
}